[
{
    "model": "admin.logentry",
    "pk": 1,
    "fields": {
        "action_time": "2022-04-04T20:13:39.755Z",
        "user": 1,
        "content_type": 9,
        "object_id": "4",
        "object_repr": "no",
        "action_flag": 2,
        "change_message": "[{\"changed\": {\"fields\": [\"Expires on\"]}}]"
    }
},
{
    "model": "auth.permission",
    "pk": 1,
    "fields": {
        "name": "Can add log entry",
        "content_type": 1,
        "codename": "add_logentry"
    }
},
{
    "model": "auth.permission",
    "pk": 2,
    "fields": {
        "name": "Can change log entry",
        "content_type": 1,
        "codename": "change_logentry"
    }
},
{
    "model": "auth.permission",
    "pk": 3,
    "fields": {
        "name": "Can delete log entry",
        "content_type": 1,
        "codename": "delete_logentry"
    }
},
{
    "model": "auth.permission",
    "pk": 4,
    "fields": {
        "name": "Can view log entry",
        "content_type": 1,
        "codename": "view_logentry"
    }
},
{
    "model": "auth.permission",
    "pk": 5,
    "fields": {
        "name": "Can add permission",
        "content_type": 2,
        "codename": "add_permission"
    }
},
{
    "model": "auth.permission",
    "pk": 6,
    "fields": {
        "name": "Can change permission",
        "content_type": 2,
        "codename": "change_permission"
    }
},
{
    "model": "auth.permission",
    "pk": 7,
    "fields": {
        "name": "Can delete permission",
        "content_type": 2,
        "codename": "delete_permission"
    }
},
{
    "model": "auth.permission",
    "pk": 8,
    "fields": {
        "name": "Can view permission",
        "content_type": 2,
        "codename": "view_permission"
    }
},
{
    "model": "auth.permission",
    "pk": 9,
    "fields": {
        "name": "Can add group",
        "content_type": 3,
        "codename": "add_group"
    }
},
{
    "model": "auth.permission",
    "pk": 10,
    "fields": {
        "name": "Can change group",
        "content_type": 3,
        "codename": "change_group"
    }
},
{
    "model": "auth.permission",
    "pk": 11,
    "fields": {
        "name": "Can delete group",
        "content_type": 3,
        "codename": "delete_group"
    }
},
{
    "model": "auth.permission",
    "pk": 12,
    "fields": {
        "name": "Can view group",
        "content_type": 3,
        "codename": "view_group"
    }
},
{
    "model": "auth.permission",
    "pk": 13,
    "fields": {
        "name": "Can add user",
        "content_type": 4,
        "codename": "add_user"
    }
},
{
    "model": "auth.permission",
    "pk": 14,
    "fields": {
        "name": "Can change user",
        "content_type": 4,
        "codename": "change_user"
    }
},
{
    "model": "auth.permission",
    "pk": 15,
    "fields": {
        "name": "Can delete user",
        "content_type": 4,
        "codename": "delete_user"
    }
},
{
    "model": "auth.permission",
    "pk": 16,
    "fields": {
        "name": "Can view user",
        "content_type": 4,
        "codename": "view_user"
    }
},
{
    "model": "auth.permission",
    "pk": 17,
    "fields": {
        "name": "Can add content type",
        "content_type": 5,
        "codename": "add_contenttype"
    }
},
{
    "model": "auth.permission",
    "pk": 18,
    "fields": {
        "name": "Can change content type",
        "content_type": 5,
        "codename": "change_contenttype"
    }
},
{
    "model": "auth.permission",
    "pk": 19,
    "fields": {
        "name": "Can delete content type",
        "content_type": 5,
        "codename": "delete_contenttype"
    }
},
{
    "model": "auth.permission",
    "pk": 20,
    "fields": {
        "name": "Can view content type",
        "content_type": 5,
        "codename": "view_contenttype"
    }
},
{
    "model": "auth.permission",
    "pk": 21,
    "fields": {
        "name": "Can add session",
        "content_type": 6,
        "codename": "add_session"
    }
},
{
    "model": "auth.permission",
    "pk": 22,
    "fields": {
        "name": "Can change session",
        "content_type": 6,
        "codename": "change_session"
    }
},
{
    "model": "auth.permission",
    "pk": 23,
    "fields": {
        "name": "Can delete session",
        "content_type": 6,
        "codename": "delete_session"
    }
},
{
    "model": "auth.permission",
    "pk": 24,
    "fields": {
        "name": "Can view session",
        "content_type": 6,
        "codename": "view_session"
    }
},
{
    "model": "auth.permission",
    "pk": 25,
    "fields": {
        "name": "Can add login attempt",
        "content_type": 7,
        "codename": "add_loginattempt"
    }
},
{
    "model": "auth.permission",
    "pk": 26,
    "fields": {
        "name": "Can change login attempt",
        "content_type": 7,
        "codename": "change_loginattempt"
    }
},
{
    "model": "auth.permission",
    "pk": 27,
    "fields": {
        "name": "Can delete login attempt",
        "content_type": 7,
        "codename": "delete_loginattempt"
    }
},
{
    "model": "auth.permission",
    "pk": 28,
    "fields": {
        "name": "Can view login attempt",
        "content_type": 7,
        "codename": "view_loginattempt"
    }
},
{
    "model": "auth.permission",
    "pk": 29,
    "fields": {
        "name": "Can add profile",
        "content_type": 8,
        "codename": "add_profile"
    }
},
{
    "model": "auth.permission",
    "pk": 30,
    "fields": {
        "name": "Can change profile",
        "content_type": 8,
        "codename": "change_profile"
    }
},
{
    "model": "auth.permission",
    "pk": 31,
    "fields": {
        "name": "Can delete profile",
        "content_type": 8,
        "codename": "delete_profile"
    }
},
{
    "model": "auth.permission",
    "pk": 32,
    "fields": {
        "name": "Can view profile",
        "content_type": 8,
        "codename": "view_profile"
    }
},
{
    "model": "auth.permission",
    "pk": 33,
    "fields": {
        "name": "Can add post",
        "content_type": 9,
        "codename": "add_post"
    }
},
{
    "model": "auth.permission",
    "pk": 34,
    "fields": {
        "name": "Can change post",
        "content_type": 9,
        "codename": "change_post"
    }
},
{
    "model": "auth.permission",
    "pk": 35,
    "fields": {
        "name": "Can delete post",
        "content_type": 9,
        "codename": "delete_post"
    }
},
{
    "model": "auth.permission",
    "pk": 36,
    "fields": {
        "name": "Can view post",
        "content_type": 9,
        "codename": "view_post"
    }
},
{
    "model": "auth.permission",
    "pk": 37,
    "fields": {
        "name": "Can add vote",
        "content_type": 10,
        "codename": "add_vote"
    }
},
{
    "model": "auth.permission",
    "pk": 38,
    "fields": {
        "name": "Can change vote",
        "content_type": 10,
        "codename": "change_vote"
    }
},
{
    "model": "auth.permission",
    "pk": 39,
    "fields": {
        "name": "Can delete vote",
        "content_type": 10,
        "codename": "delete_vote"
    }
},
{
    "model": "auth.permission",
    "pk": 40,
    "fields": {
        "name": "Can view vote",
        "content_type": 10,
        "codename": "view_vote"
    }
},
{
    "model": "auth.user",
    "pk": 1,
    "fields": {
        "password": "pbkdf2_sha256$260000$5nwyIGybRqP2wMlqyXKr3o$V5D1/sG1sNdLAVRwl7VaOwsdcz+T79WLq1SmjKu9Otw=",
        "last_login": "2022-04-11T16:02:11.939Z",
        "is_superuser": true,
        "username": "admin",
        "first_name": "",
        "last_name": "",
        "email": "email@email.com",
        "is_staff": true,
        "is_active": true,
        "date_joined": "2022-03-28T17:18:59.722Z",
        "groups": [],
        "user_permissions": []
    }
},
{
    "model": "auth.user",
    "pk": 2,
    "fields": {
        "password": "pbkdf2_sha256$260000$VSuuijUDLKjlyqHmeqP7a6$U0JVtfnVpQ0dBld1El/BRGxWa6W7S3VWJyKyD2zyA1U=",
        "last_login": "2022-03-29T18:04:59.863Z",
        "is_superuser": false,
        "username": "........",
        "first_name": "",
        "last_name": "",
        "email": "mborowcz@uwyo.edu",
        "is_staff": false,
        "is_active": true,
        "date_joined": "2022-03-29T18:04:57.100Z",
        "groups": [],
        "user_permissions": []
    }
},
{
    "model": "auth.user",
    "pk": 3,
    "fields": {
        "password": "pbkdf2_sha256$260000$ybr6sWWBqKgRWPFz3Uw82F$xKIZiU3uFtr8p+g4rIRhjbaXYr3UGLZ4FurEFg/Tsbs=",
        "last_login": "2022-04-01T19:39:32.034Z",
        "is_superuser": false,
        "username": "alice",
        "first_name": "",
        "last_name": "",
        "email": "wapiti2021@mailinator.com",
        "is_staff": false,
        "is_active": true,
        "date_joined": "2022-04-01T19:39:31.411Z",
        "groups": [],
        "user_permissions": []
    }
},
{
    "model": "auth.user",
    "pk": 4,
    "fields": {
        "password": "pbkdf2_sha256$260000$Xh3xrF8mkASdH4wIFNIgKc$jK8aMT8aInxLmSga+WyfsqiFVAAv+salDTpIOSNtqg4=",
        "last_login": "2022-04-04T16:25:36.404Z",
        "is_superuser": false,
        "username": "a",
        "first_name": "",
        "last_name": "",
        "email": "test@example.com",
        "is_staff": false,
        "is_active": true,
        "date_joined": "2022-04-04T16:18:20.861Z",
        "groups": [],
        "user_permissions": []
    }
},
{
    "model": "auth.user",
    "pk": 5,
    "fields": {
        "password": "pbkdf2_sha256$260000$QBX6aH3hi6h1f9AZTaSJ9U$lGo0EVPtP6/42PCiVMPzD8GMGspuDrqhfwsMUKSUSwc=",
        "last_login": "2022-04-04T16:22:58.625Z",
        "is_superuser": false,
        "username": "ab",
        "first_name": "",
        "last_name": "",
        "email": "example@example.com",
        "is_staff": false,
        "is_active": true,
        "date_joined": "2022-04-04T16:22:51.646Z",
        "groups": [],
        "user_permissions": []
    }
},
{
    "model": "auth.user",
    "pk": 6,
    "fields": {
        "password": "pbkdf2_sha256$260000$kgyYxxa47uBlAPz5VuJBjK$eclRStd9PkiFZ62KT1FU4PFFSAtJOE6P4gLl5/tLusM=",
        "last_login": "2022-04-04T19:33:27.833Z",
        "is_superuser": false,
        "username": "abc",
        "first_name": "",
        "last_name": "",
        "email": "abc@abc.com",
        "is_staff": false,
        "is_active": true,
        "date_joined": "2022-04-04T19:33:22.227Z",
        "groups": [],
        "user_permissions": []
    }
},
{
    "model": "auth.user",
    "pk": 7,
    "fields": {
        "password": "pbkdf2_sha256$260000$S5msBwPE7P6pRFzylwQR7c$zXOLbOo54nHuiUByDIOeF2RYJOeyDXtXQv3EHPcO9/k=",
        "last_login": null,
        "is_superuser": false,
        "username": "bot_0",
        "first_name": "",
        "last_name": "",
        "email": "",
        "is_staff": false,
        "is_active": true,
        "date_joined": "2022-04-04T20:16:16.406Z",
        "groups": [],
        "user_permissions": []
    }
},
{
    "model": "auth.user",
    "pk": 8,
    "fields": {
        "password": "pbkdf2_sha256$260000$ryanBiq5OXQoH9XYbRIvzj$eCngM6H55o4nBKKbEzfKgTBrQe+vc58XBskvLbgdYNY=",
        "last_login": null,
        "is_superuser": false,
        "username": "bot_1",
        "first_name": "",
        "last_name": "",
        "email": "",
        "is_staff": false,
        "is_active": true,
        "date_joined": "2022-04-04T20:16:16.859Z",
        "groups": [],
        "user_permissions": []
    }
},
{
    "model": "auth.user",
    "pk": 9,
    "fields": {
        "password": "pbkdf2_sha256$260000$XTeOire8g5it0RNSs06hhq$5W43ZkUMUrDJoPSa9Xz1T9wBCyKz+UQE0KI/G27cs9I=",
        "last_login": null,
        "is_superuser": false,
        "username": "bot_2",
        "first_name": "",
        "last_name": "",
        "email": "",
        "is_staff": false,
        "is_active": true,
        "date_joined": "2022-04-04T20:16:17.271Z",
        "groups": [],
        "user_permissions": []
    }
},
{
    "model": "auth.user",
    "pk": 10,
    "fields": {
        "password": "pbkdf2_sha256$260000$3UZJylN1iVqjiVEDvCSaIq$sr3w7ucY7/lFi7i5hVdId/StYYtIhesjMLopFhRv64k=",
        "last_login": null,
        "is_superuser": false,
        "username": "bot_3",
        "first_name": "",
        "last_name": "",
        "email": "",
        "is_staff": false,
        "is_active": true,
        "date_joined": "2022-04-04T20:16:17.680Z",
        "groups": [],
        "user_permissions": []
    }
},
{
    "model": "auth.user",
    "pk": 11,
    "fields": {
        "password": "pbkdf2_sha256$260000$RwxFArIK0NrsQvhnC4vJis$S33TznRUJW4OyBlzJRL1bN9l1yCaWw3O5lIZKaJ7HUg=",
        "last_login": null,
        "is_superuser": false,
        "username": "bot_4",
        "first_name": "",
        "last_name": "",
        "email": "",
        "is_staff": false,
        "is_active": true,
        "date_joined": "2022-04-04T20:16:18.081Z",
        "groups": [],
        "user_permissions": []
    }
},
{
    "model": "auth.user",
    "pk": 12,
    "fields": {
        "password": "pbkdf2_sha256$260000$fcQv49tzlOABzhZPyHWfGV$+nV+g6J9A+bR9kxdf3OVOWLwzSyEpZJGSmddemli+GA=",
        "last_login": null,
        "is_superuser": false,
        "username": "bot_5",
        "first_name": "",
        "last_name": "",
        "email": "",
        "is_staff": false,
        "is_active": true,
        "date_joined": "2022-04-04T20:16:18.493Z",
        "groups": [],
        "user_permissions": []
    }
},
{
    "model": "auth.user",
    "pk": 13,
    "fields": {
        "password": "pbkdf2_sha256$260000$QSXyhqnpoA9nTzCyZuTA6O$ocEWrJ88MlnBwHoxAYmX2lw36nzcIRiuRjzjKf64s0U=",
        "last_login": null,
        "is_superuser": false,
        "username": "bot_6",
        "first_name": "",
        "last_name": "",
        "email": "",
        "is_staff": false,
        "is_active": true,
        "date_joined": "2022-04-04T20:16:18.907Z",
        "groups": [],
        "user_permissions": []
    }
},
{
    "model": "auth.user",
    "pk": 14,
    "fields": {
        "password": "pbkdf2_sha256$260000$8igmy6iz3sC0Dg0bClELC4$g1lm14sBRgaOvY5GgOvu4T4428Can/zZv5flp/EX+Nk=",
        "last_login": null,
        "is_superuser": false,
        "username": "bot_7",
        "first_name": "",
        "last_name": "",
        "email": "",
        "is_staff": false,
        "is_active": true,
        "date_joined": "2022-04-04T20:16:19.309Z",
        "groups": [],
        "user_permissions": []
    }
},
{
    "model": "auth.user",
    "pk": 15,
    "fields": {
        "password": "pbkdf2_sha256$260000$poy5V05bGPmNp9WUVknzYw$iH83iXsmnNbZ2Q7d324aUO2gU6XH6oj9Y8KJrEN4nSI=",
        "last_login": null,
        "is_superuser": false,
        "username": "bot_8",
        "first_name": "",
        "last_name": "",
        "email": "",
        "is_staff": false,
        "is_active": true,
        "date_joined": "2022-04-04T20:16:19.719Z",
        "groups": [],
        "user_permissions": []
    }
},
{
    "model": "auth.user",
    "pk": 16,
    "fields": {
        "password": "pbkdf2_sha256$260000$9o2wjq7sCdssb1gGE0ntbc$waGFhBnk9uXWclZvBWqpyeuAK5OT8nD2SfoFPX9F90g=",
        "last_login": null,
        "is_superuser": false,
        "username": "bot_9",
        "first_name": "",
        "last_name": "",
        "email": "",
        "is_staff": false,
        "is_active": true,
        "date_joined": "2022-04-04T20:16:20.133Z",
        "groups": [],
        "user_permissions": []
    }
},
{
    "model": "auth.user",
    "pk": 17,
    "fields": {
        "password": "pbkdf2_sha256$260000$ykrvwjDkbwMIjQJMPB0gJ0$mPymp/blNCJ5KxRPOPHNTsIvRydTguf3hKNPS+x8tw0=",
        "last_login": "2022-04-10T21:01:58.537Z",
        "is_superuser": false,
        "username": "Jake",
        "first_name": "",
        "last_name": "",
        "email": "jakebhendricks@gmail.com",
        "is_staff": false,
        "is_active": true,
        "date_joined": "2022-04-10T21:01:49.495Z",
        "groups": [],
        "user_permissions": []
    }
},
{
    "model": "auth.user",
    "pk": 18,
    "fields": {
        "password": "pbkdf2_sha256$260000$SHuCdzXQlavNmAGNSckLZA$Mk06B4AhQ+5urjUee6JO7+T/Hz+umTzKkkz0N5PtRnY=",
        "last_login": "2022-04-10T21:13:20.904Z",
        "is_superuser": false,
        "username": "Pug",
        "first_name": "",
        "last_name": "",
        "email": "Pug@gmail.com",
        "is_staff": false,
        "is_active": true,
        "date_joined": "2022-04-10T21:13:13.395Z",
        "groups": [],
        "user_permissions": []
    }
},
{
    "model": "auth.user",
    "pk": 19,
    "fields": {
        "password": "pbkdf2_sha256$260000$EWk9eYs12eCLlFkp2r7NsA$/J9MJdRAjilA1/dGJGw/rrCdAwCzuCYul4fQHxCiy/4=",
        "last_login": "2022-04-10T21:23:10.561Z",
        "is_superuser": false,
        "username": "tst",
        "first_name": "",
        "last_name": "",
        "email": "tst@gmail.com",
        "is_staff": false,
        "is_active": true,
        "date_joined": "2022-04-10T21:23:04.084Z",
        "groups": [],
        "user_permissions": []
    }
},
{
    "model": "contenttypes.contenttype",
    "pk": 1,
    "fields": {
        "app_label": "admin",
        "model": "logentry"
    }
},
{
    "model": "contenttypes.contenttype",
    "pk": 2,
    "fields": {
        "app_label": "auth",
        "model": "permission"
    }
},
{
    "model": "contenttypes.contenttype",
    "pk": 3,
    "fields": {
        "app_label": "auth",
        "model": "group"
    }
},
{
    "model": "contenttypes.contenttype",
    "pk": 4,
    "fields": {
        "app_label": "auth",
        "model": "user"
    }
},
{
    "model": "contenttypes.contenttype",
    "pk": 5,
    "fields": {
        "app_label": "contenttypes",
        "model": "contenttype"
    }
},
{
    "model": "contenttypes.contenttype",
    "pk": 6,
    "fields": {
        "app_label": "sessions",
        "model": "session"
    }
},
{
    "model": "contenttypes.contenttype",
    "pk": 7,
    "fields": {
        "app_label": "admin_honeypot",
        "model": "loginattempt"
    }
},
{
    "model": "contenttypes.contenttype",
    "pk": 8,
    "fields": {
        "app_label": "account",
        "model": "profile"
    }
},
{
    "model": "contenttypes.contenttype",
    "pk": 9,
    "fields": {
        "app_label": "post",
        "model": "post"
    }
},
{
    "model": "contenttypes.contenttype",
    "pk": 10,
    "fields": {
        "app_label": "post",
        "model": "vote"
    }
},
{
    "model": "sessions.session",
    "pk": "3yg16v9wyb0s7tzhrewclxm1rza7htni",
    "fields": {
        "session_data": ".eJxVjEEOwiAQRe_C2hBAKODSfc9AZmBGqoYmpV0Z765NutDtf-_9l0iwrTVtnZY0FXERRpx-N4T8oLaDcod2m2We27pMKHdFHrTLcS70vB7u30GFXr81kY7oPIWoAw_WB0bHDJpUyJrZDt44Vliyi9GCBQUmnLPLFopS6J14fwD10zg-:1nZGDD:9POg8aM6RAbAflZjEgZB6AVUXKRlfiTOtSROwmQyh8M",
        "expire_date": "2022-04-12T18:04:59.875Z"
    }
},
{
    "model": "sessions.session",
    "pk": "8kly8ip8i7lgwhkrmg2uml7wtvps4rzp",
    "fields": {
        "session_data": ".eJxVjDsOwjAQBe_iGlm2499S0nOGyLte4wCypXwqxN0hUgpo38y8lxjTttZxW3gepyzOwovT74aJHtx2kO-p3bqk3tZ5Qrkr8qCLvPbMz8vh_h3UtNRvDQWJNPhgkh8YLIdiWZlC0QKaCMiKrYuFKDqdMIAuA7powBflh6zF-wP08Tf2:1nbSS7:3ZLzKkBqRih_55126vQ5B7t12Nkj271KmzC1QmCyLqA",
        "expire_date": "2022-04-18T19:33:27.843Z"
    }
},
{
    "model": "sessions.session",
    "pk": "exaj5u6t2nj0b4kjc96ketvddi94j6rp",
    "fields": {
        "session_data": ".eJxVjDEOgzAMRe-SuYrASRy7Y3fOgBwcGtoKJAJT1btXSAzt-t97_2162bfS7zWv_aTmapy5_G5JhmeeD6APme-LHZZ5W6dkD8WetNpu0fy6ne7fQZFajhoZiD0IICoxALeOcxOYVDjH4B15BfIRcYwpO6IBE4YxaGgFmtZ8vqtgNoE:1naN7M:8WSZzHr9sp5DBSxzk3OdLMVz3e-hiBP2Jo7UC19_Rxc",
        "expire_date": "2022-04-15T19:39:32.045Z"
    }
},
{
    "model": "sessions.session",
    "pk": "ja9pbr1ga5dn4f26lbsz4k1x5w5zje39",
    "fields": {
        "session_data": ".eJxVjDkOwjAURO_iGln-3zslfc5gecUBZEtxUiHuTiKlgGKaeW_mTZzf1uq2kRc3J3IlYMnltww-PnM7SHr4du809rYuc6CHQk866NRTft1O9--g-lH3tRBSgeTSI6A0ARnXUaEWyCSaXCApi9kkMCyUYILIHixP2ipmZdlDPl_EbTaR:1ndf1a:GL3RGXIdQ8Dlvjl_n3PYg1sd7gIog-yrDfejUDOpCXw",
        "expire_date": "2022-04-24T21:23:10.572Z"
    }
},
{
    "model": "sessions.session",
    "pk": "nodsfw6r0cuvap66ku8umsiot6x4k1x4",
    "fields": {
        "session_data": ".eJxVjDsOwjAQBe_iGll2gu2Fkp4zWPszDqBEipMKcXeIlALaNzPvZTKuS81r0zkPYs7Gm8PvRsgPHTcgdxxvk-VpXOaB7KbYnTZ7nUSfl939O6jY6rfuIfZYuDDoSTTF0Gl0KH3ykiA5IEep40IEgTp1xXMoKhwcABR0R_P-AP0uOJ0:1nbSWY:IN7ReQDNI_JAFWT-3E8EpnTP1E9lPbs54Ki2k32XAQc",
        "expire_date": "2022-04-18T19:38:02.564Z"
    }
},
{
    "model": "admin_honeypot.loginattempt",
    "pk": 1,
    "fields": {
        "username": "hello",
        "ip_address": "129.72.81.195",
        "session_key": "8kly8ip8i7lgwhkrmg2uml7wtvps4rzp",
        "user_agent": "Mozilla/5.0 (Windows NT 10.0; Win64; x64) AppleWebKit/537.36 (KHTML, like Gecko) Chrome/100.0.4896.60 Safari/537.36",
        "timestamp": "2022-04-04T19:40:07.384Z",
        "path": "/admin/login/?next=/admin/"
    }
},
{
    "model": "account.profile",
    "pk": 1,
    "fields": {
        "user": 1,
        "nickname": "admin",
        "image": "default.jpg",
        "following": []
    }
},
{
    "model": "account.profile",
    "pk": 2,
    "fields": {
        "user": 2,
        "nickname": "........",
        "image": "default.jpg",
        "following": []
    }
},
{
    "model": "account.profile",
    "pk": 3,
    "fields": {
        "user": 3,
        "nickname": "alice",
        "image": "default.jpg",
        "following": []
    }
},
{
    "model": "account.profile",
    "pk": 4,
    "fields": {
        "user": 4,
        "nickname": "a",
        "image": "default.jpg",
        "following": []
    }
},
{
    "model": "account.profile",
    "pk": 5,
    "fields": {
        "user": 5,
        "nickname": "ab",
        "image": "default.jpg",
        "following": []
    }
},
{
    "model": "account.profile",
    "pk": 6,
    "fields": {
        "user": 6,
        "nickname": "abc",
        "image": "profile_pics/Roman_Empire_A.D._117.jpg",
        "following": []
    }
},
{
    "model": "account.profile",
    "pk": 7,
    "fields": {
        "user": 7,
        "nickname": "bot_0",
        "image": "default.jpg",
        "following": []
    }
},
{
    "model": "account.profile",
    "pk": 8,
    "fields": {
        "user": 8,
        "nickname": "bot_1",
        "image": "default.jpg",
        "following": []
    }
},
{
    "model": "account.profile",
    "pk": 9,
    "fields": {
        "user": 9,
        "nickname": "bot_2",
        "image": "default.jpg",
        "following": []
    }
},
{
    "model": "account.profile",
    "pk": 10,
    "fields": {
        "user": 10,
        "nickname": "bot_3",
        "image": "default.jpg",
        "following": []
    }
},
{
    "model": "account.profile",
    "pk": 11,
    "fields": {
        "user": 11,
        "nickname": "bot_4",
        "image": "default.jpg",
        "following": []
    }
},
{
    "model": "account.profile",
    "pk": 12,
    "fields": {
        "user": 12,
        "nickname": "bot_5",
        "image": "default.jpg",
        "following": []
    }
},
{
    "model": "account.profile",
    "pk": 13,
    "fields": {
        "user": 13,
        "nickname": "bot_6",
        "image": "default.jpg",
        "following": []
    }
},
{
    "model": "account.profile",
    "pk": 14,
    "fields": {
        "user": 14,
        "nickname": "bot_7",
        "image": "default.jpg",
        "following": []
    }
},
{
    "model": "account.profile",
    "pk": 15,
    "fields": {
        "user": 15,
        "nickname": "bot_8",
        "image": "default.jpg",
        "following": []
    }
},
{
    "model": "account.profile",
    "pk": 16,
    "fields": {
        "user": 16,
        "nickname": "bot_9",
        "image": "default.jpg",
        "following": []
    }
},
{
    "model": "account.profile",
    "pk": 17,
    "fields": {
        "user": 17,
        "nickname": "Jake",
        "image": "default.jpg",
        "following": []
    }
},
{
    "model": "account.profile",
    "pk": 18,
    "fields": {
        "user": 18,
        "nickname": "Pug",
        "image": "profile_pics/pug2.jpg",
        "following": []
    }
},
{
    "model": "account.profile",
    "pk": 19,
    "fields": {
        "user": 19,
        "nickname": "tst",
        "image": "default.jpg",
        "following": []
    }
},
{
    "model": "post.post",
    "pk": 4,
    "fields": {
        "title": "no",
        "content": "i refuse to make a post",
        "text_rendered": "<p>i refuse to make a post</p>",
        "author": 6,
        "created_on": "2022-04-04T20:13:14.056Z",
        "expires_on": "2025-04-04T21:08:43.986Z"
    }
},
{
    "model": "post.vote",
    "pk": 1,
    "fields": {
        "post": 1,
        "user": 4,
        "vote": "like",
        "updated_on": "2022-04-04T16:20:17.268Z"
    }
},
{
    "model": "post.vote",
    "pk": 2,
    "fields": {
        "post": 4,
        "user": 17,
        "vote": "dislike",
        "updated_on": "2022-04-10T21:04:12.207Z"
    }
}
]
